<?xml version="1.0" encoding="UTF-8" ?>
<NotepadPlus>
    <Session activeView="0">
        <mainView activeIndex="8">
            <File firstVisibleLine="0" xOffset="0" scrollWidth="1" startPos="638" endPos="638" selMode="0" offset="0" wrapCount="1" lang="None (Normal Text)" encoding="-1" userReadOnly="no" filename="C:\Windows\System32\drivers\etc\hosts" backupFilePath="" originalFileLastModifTimestamp="656982570" originalFileLastModifTimestampHigh="31213653" mapFirstVisibleDisplayLine="-1" mapFirstVisibleDocLine="-1" mapLastVisibleDocLine="-1" mapNbLine="-1" mapHigherPos="-1" mapWidth="-1" mapHeight="-1" mapKByteInDoc="-1116695160" mapWrapIndentMode="-1" mapIsWrap="no" />
            <File firstVisibleLine="26" xOffset="0" scrollWidth="3504592" startPos="1223" endPos="1223" selMode="0" offset="0" wrapCount="1" lang="HTML" encoding="-1" userReadOnly="no" filename="C:\Users\60084499\Downloads\jsPDF-3.0.4\examples\html2pdf\acid.html" backupFilePath="" originalFileLastModifTimestamp="977563943" originalFileLastModifTimestampHigh="31233818" mapFirstVisibleDisplayLine="-1" mapFirstVisibleDocLine="-1" mapLastVisibleDocLine="-1" mapNbLine="-1" mapHigherPos="-1" mapWidth="-1" mapHeight="-1" mapKByteInDoc="-1592829832" mapWrapIndentMode="-1" mapIsWrap="no" />
            <File firstVisibleLine="78" xOffset="0" scrollWidth="3504592" startPos="807" endPos="807" selMode="0" offset="210" wrapCount="518" lang="JavaScript" encoding="-1" userReadOnly="no" filename="C:\Users\60084499\Downloads\customPrintPDF.js" backupFilePath="" originalFileLastModifTimestamp="1794009830" originalFileLastModifTimestampHigh="31223563" mapFirstVisibleDisplayLine="-1" mapFirstVisibleDocLine="-1" mapLastVisibleDocLine="-1" mapNbLine="-1" mapHigherPos="-1" mapWidth="-1" mapHeight="-1" mapKByteInDoc="0" mapWrapIndentMode="-1" mapIsWrap="no" />
            <File firstVisibleLine="0" xOffset="0" scrollWidth="1392376" startPos="706" endPos="706" selMode="0" offset="0" wrapCount="1" lang="None (Normal Text)" encoding="-1" userReadOnly="no" filename="new 8" backupFilePath="C:\Users\60084499\OneDrive - NSW Health Department\Storage\Software\npp.8.1.2.portable.x64\backup\new 8@2026-02-05_150807" originalFileLastModifTimestamp="0" originalFileLastModifTimestampHigh="0" mapFirstVisibleDisplayLine="-1" mapFirstVisibleDocLine="-1" mapLastVisibleDocLine="-1" mapNbLine="-1" mapHigherPos="-1" mapWidth="-1" mapHeight="-1" mapKByteInDoc="1143209984" mapWrapIndentMode="-1" mapIsWrap="no" />
            <File firstVisibleLine="18" xOffset="0" scrollWidth="1392376" startPos="2010" endPos="2010" selMode="0" offset="0" wrapCount="1" lang="HTML" encoding="-1" userReadOnly="no" filename="C:\Users\60084499\Downloads\PrintToPDF\PrintToPDFSample.HTML" backupFilePath="" originalFileLastModifTimestamp="-65034610" originalFileLastModifTimestampHigh="31234834" mapFirstVisibleDisplayLine="-1" mapFirstVisibleDocLine="-1" mapLastVisibleDocLine="-1" mapNbLine="-1" mapHigherPos="-1" mapWidth="-1" mapHeight="-1" mapKByteInDoc="0" mapWrapIndentMode="-1" mapIsWrap="no" />
            <File firstVisibleLine="0" xOffset="0" scrollWidth="1392376" startPos="790" endPos="790" selMode="0" offset="0" wrapCount="1" lang="HTML" encoding="-1" userReadOnly="no" filename="C:\Users\60084499\Downloads\PrintToPDF\PrintToPDF_pdfmake.html" backupFilePath="" originalFileLastModifTimestamp="-719587705" originalFileLastModifTimestampHigh="31234836" mapFirstVisibleDisplayLine="-1" mapFirstVisibleDocLine="-1" mapLastVisibleDocLine="-1" mapNbLine="-1" mapHigherPos="-1" mapWidth="-1" mapHeight="-1" mapKByteInDoc="0" mapWrapIndentMode="-1" mapIsWrap="no" />
            <File firstVisibleLine="301" xOffset="0" scrollWidth="1392376" startPos="14564" endPos="14564" selMode="0" offset="0" wrapCount="1" lang="None (Normal Text)" encoding="-1" userReadOnly="no" filename="C:\Users\60084499\Downloads\NSWHealth_custom (1)" backupFilePath="" originalFileLastModifTimestamp="1434671485" originalFileLastModifTimestampHigh="31236604" mapFirstVisibleDisplayLine="-1" mapFirstVisibleDocLine="-1" mapLastVisibleDocLine="-1" mapNbLine="-1" mapHigherPos="-1" mapWidth="-1" mapHeight="-1" mapKByteInDoc="0" mapWrapIndentMode="-1" mapIsWrap="no" />
            <File firstVisibleLine="0" xOffset="0" scrollWidth="1392376" startPos="7" endPos="7" selMode="0" offset="0" wrapCount="1" lang="None (Normal Text)" encoding="-1" userReadOnly="no" filename="new 2" backupFilePath="C:\Users\60084499\OneDrive - NSW Health Department\Storage\Software\npp.8.1.2.portable.x64\backup\new 2@2026-02-20_133409" originalFileLastModifTimestamp="0" originalFileLastModifTimestampHigh="0" mapFirstVisibleDisplayLine="-1" mapFirstVisibleDocLine="-1" mapLastVisibleDocLine="-1" mapNbLine="-1" mapHigherPos="-1" mapWidth="-1" mapHeight="-1" mapKByteInDoc="0" mapWrapIndentMode="-1" mapIsWrap="no" />
        </mainView>
        <subView activeIndex="0" />
    </Session>
</NotepadPlus>
